timestamp,x,y,z,qx,qy,qz,qw,target_x,target_y,target_z,current_yaw,target_yaw
1786176672.786247492,0.001969,-0.001993,0.100220,-0.0046630,0.0003455,-0.7069367,-0.7072615,0.001969,-0.001993,0.400220,1.5703156,1.5703156
1786176673.818139553,0.002239,-0.001683,0.098691,-0.0045456,0.0002612,-0.7069678,-0.7072312,0.001969,-0.001993,0.400220,1.5704034,1.5703156
1786176674.819103479,0.000844,-0.001675,0.098080,-0.0044805,0.0002054,-0.7069608,-0.7072386,0.001969,-0.001993,0.400220,1.5703837,1.5703156
1786176675.852504730,-0.000768,-0.000425,0.100204,-0.0044903,0.0004627,-0.7069356,-0.7072636,0.001969,-0.001993,0.400220,1.5703128,1.5703156
1786176676.881550550,-0.002115,-0.000112,0.100620,-0.0046672,0.0002705,-0.7068657,-0.7073323,0.001969,-0.001993,0.400220,1.5701148,1.5703156
1786176677.914655685,-0.006946,-0.000904,0.100623,-0.0048399,0.0006026,-0.7067661,-0.7074306,0.001969,-0.001993,0.400220,1.5698336,1.5703156
1786176678.915525436,-0.007812,-0.001152,0.096695,-0.0049560,0.0004735,-0.7068107,-0.7073853,0.001969,-0.001993,0.400220,1.5699595,1.5703156
1786176679.947641373,-0.002787,-0.007389,0.106659,-0.0116291,0.0084823,-0.7062548,-0.7078115,0.001969,-0.001993,0.400220,1.5685309,1.5703156
1786176680.981480598,-0.024730,-0.100166,0.466465,0.0029592,-0.0099319,-0.7104942,-0.7036268,0.001969,-0.001993,0.400220,1.5805993,1.5703156
1786176681.982520342,0.050230,-0.119766,0.576774,0.0074351,0.0033399,-0.7116044,-0.7025330,0.001969,-0.001993,0.400220,1.5835809,1.5703156
1786176683.014221907,0.075234,-0.009069,0.538105,-0.0003824,0.0067793,-0.7099811,-0.7041881,0.001969,-0.001993,0.400220,1.5790350,1.5703156
1786176684.047438145,-0.010031,0.020155,0.488467,-0.0068990,-0.0060484,-0.7076907,-0.7064629,0.001969,-0.001993,0.400220,1.5725217,1.5703156
1786176685.048563719,-0.041133,-0.007079,0.448817,-0.0037361,-0.0024448,-0.7047948,-0.7093973,0.001969,-0.001993,0.400220,1.5642796,1.5703156
1786176686.082843304,-0.030950,-0.015902,0.437551,-0.0020857,-0.0018251,-0.7079756,-0.7062315,0.001969,-0.001993,0.400220,1.5732619,1.5703156
1786176687.115564108,0.019936,-0.004436,0.416172,-0.0006051,0.0002578,-0.7070437,-0.7071695,0.001969,-0.001993,0.400220,1.5706181,1.5703156
1786176688.146126509,0.016962,0.027621,0.424150,-0.0020330,0.0050733,-0.7040958,-0.7100841,0.001969,0.498007,0.400220,1.5623490,1.5703156
1786176689.146717548,-0.038725,0.199754,0.408056,0.0013334,-0.0018479,-0.7021271,-0.7120481,0.001969,0.498007,0.400220,1.5567674,1.5703156
1786176690.147471428,-0.086597,0.474888,0.403823,-0.0211756,0.0019212,-0.6991814,-0.7146281,0.001969,0.498007,0.400220,1.5484993,1.5703156
1786176691.147586107,0.009973,0.559215,0.400170,-0.0020059,0.0015269,-0.6979510,-0.7161412,0.001969,0.498007,0.400220,1.5450690,1.5703156
1786176692.147709608,0.081797,0.535883,0.406497,0.0069706,0.0067534,-0.7044266,-0.7097105,0.001969,0.498007,0.400220,1.5633213,1.5703156
1786176693.148399830,0.025312,0.493790,0.400393,0.0001702,-0.0015123,-0.7099432,-0.7042573,0.001969,0.498007,0.400220,1.5788396,1.5703156
1786176694.180727243,-0.027306,0.488965,0.399345,-0.0073208,-0.0014077,-0.7109719,-0.7031810,0.001969,0.498007,0.400220,1.5817630,1.5703156
