timestamp,x,y,z,qx,qy,qz,qw,target_x,target_y,target_z,target_yaw
1786174375.461449385,0.012319,0.049398,0.650076,0.0065784,0.0072201,-0.7965524,-0.6044906,0.012319,0.049398,0.950076,1.8432507
1786174376.462713003,0.011442,0.048768,0.645833,0.0066109,0.0072650,-0.7965585,-0.6044818,0.012319,0.049398,0.950076,1.8432507
1786174377.495796442,0.011699,0.049095,0.644048,0.0065706,0.0070389,-0.7965300,-0.6045222,0.012319,0.049398,0.950076,1.8432507
1786174378.527626514,0.013393,0.049969,0.641198,0.0062961,0.0068143,-0.7965732,-0.6044710,0.012319,0.049398,0.950076,1.8432507
1786174379.528544664,0.014374,0.049773,0.640990,0.0063169,0.0066833,-0.7965303,-0.6045287,0.012319,0.049398,0.950076,1.8432507
1786174380.528688192,0.013760,0.049902,0.638706,0.0064711,0.0066240,-0.7965181,-0.6045439,0.012319,0.049398,0.950076,1.8432507
1786174381.560647488,0.011952,0.049109,0.636740,0.0064864,0.0067163,-0.7964803,-0.6045924,0.012319,0.049398,0.950076,1.8432507
1786174382.562228918,0.012250,0.049198,0.630023,0.0065229,0.0065964,-0.7965049,-0.6045610,0.012319,0.049398,0.950076,1.8432507
1786174383.593958378,0.013081,0.050816,0.621818,0.0065156,0.0065498,-0.7966231,-0.6044058,0.012319,0.049398,0.950076,1.8432507
1786174384.594883680,0.012318,0.049699,0.613100,0.0065137,0.0064565,-0.7966025,-0.6044340,0.012319,0.049398,0.950076,1.8432507
1786174385.595618725,0.013364,0.049453,0.600139,0.0065672,0.0067023,-0.7966060,-0.6044261,0.012319,0.049398,0.950076,1.8432507
1786174386.623822927,0.011982,0.049365,0.590754,0.0065162,0.0067639,-0.7965978,-0.6044368,0.012319,0.049398,0.950076,1.8432507
1786174387.627371788,0.012850,0.049288,0.585055,0.0063613,0.0066303,-0.7965813,-0.6044616,0.012319,0.049398,0.950076,1.8432507
1786174388.628224850,0.014519,0.049302,0.583032,0.0063157,0.0065945,-0.7965891,-0.6044521,0.012319,0.049398,0.950076,1.8432507
1786174389.628711700,0.013322,0.049296,0.583393,0.0064201,0.0065291,-0.7965090,-0.6045574,0.012319,0.049398,0.950076,1.8432507
1786174393.490526438,0.012400,0.049260,0.556170,0.0064577,0.0068804,-0.7964801,-0.6045912,0.012400,0.049260,0.856170,1.8430017
1786174394.493285179,0.013808,0.050257,0.549306,0.0064761,0.0069004,-0.7964863,-0.6045826,0.012400,0.049260,0.856170,1.8430017
1786174395.493696451,0.013132,0.049199,0.539898,0.0065435,0.0070315,-0.7964572,-0.6046186,0.012400,0.049260,0.856170,1.8430017
1786174396.528033257,0.011373,0.049476,0.525296,0.0066700,0.0071894,-0.7964462,-0.6046300,0.012400,0.049260,0.856170,1.8430017
1786174397.560958385,0.011778,0.048959,0.510037,0.0067397,0.0072383,-0.7964275,-0.6046532,0.012400,0.049260,0.856170,1.8430017
1786174398.596025705,0.011253,0.050289,0.495122,0.0066413,0.0069927,-0.7964160,-0.6046723,0.012400,0.049260,0.856170,1.8430017
1786174399.627259731,0.013407,0.050331,0.481897,0.0064635,0.0068209,-0.7964201,-0.6046709,0.012400,0.049260,0.856170,1.8430017
1786174400.628035307,0.014612,0.050200,0.467304,0.0064406,0.0066836,-0.7964593,-0.6046211,0.012400,0.049260,0.856170,1.8430017
1786174401.656871796,0.013118,0.049884,0.452902,0.0065405,0.0069390,-0.7964072,-0.6046856,0.012400,0.049260,0.856170,1.8430017
1786174402.659085989,0.012693,0.049381,0.437778,0.0064894,0.0070195,-0.7964357,-0.6046476,0.012400,0.049260,0.856170,1.8430017
1786174403.661303043,0.013270,0.048642,0.424050,0.0064486,0.0068454,-0.7963974,-0.6047007,0.012400,0.049260,0.856170,1.8430017
1786174404.695383549,0.013576,0.050488,0.410542,0.0065049,0.0067604,-0.7964116,-0.6046821,0.012400,0.049260,0.856170,1.8430017
1786174405.727249861,0.012433,0.050132,0.398702,0.0065600,0.0068802,-0.7962819,-0.6048511,0.012400,0.049260,0.856170,1.8430017
1786174406.728047371,0.012402,0.049723,0.389964,0.0065666,0.0070520,-0.7962679,-0.6048675,0.012400,0.049260,0.856170,1.8430017
1786174407.759361029,0.011612,0.049082,0.379769,0.0064486,0.0071885,-0.7963511,-0.6047575,0.012400,0.049260,0.856170,1.8430017
1786174408.761168718,0.012744,0.048443,0.370616,0.0063876,0.0071336,-0.7963575,-0.6047505,0.012400,0.049260,0.856170,1.8430017
1786174409.793240309,0.013328,0.048719,0.360978,0.0062375,0.0068740,-0.7963643,-0.6047462,0.012400,0.049260,0.856170,1.8430017
1786174410.793284655,0.014175,0.049610,0.350813,0.0064495,0.0068977,-0.7963617,-0.6047469,0.012400,0.049260,0.856170,1.8430017
1786174411.827385426,0.012221,0.049867,0.337195,0.0066709,0.0069944,-0.7963406,-0.6047712,0.012400,0.049260,0.856170,1.8430017
1786174412.856133223,0.010842,0.048968,0.327387,0.0065479,0.0071663,-0.7963935,-0.6047010,0.012400,0.049260,0.856170,1.8430017
1786174413.858897448,0.012573,0.049574,0.325628,0.0064935,0.0068488,-0.7964136,-0.6046787,0.012400,0.049260,0.856170,1.8430017
